o0900000	1
o0900001	2
o0900002	3
o0900004	4
o0900006	5
o0900007	6
o0900005	7
o0903773	8
o0900008	9
o0900009	10
o0900010	11
o0900051	12
o0900051	13
o0900012	14
o0900018	15
o0903759	16
o0900020	17
o0903689	18
o0900022	19
o0900029	20
o0900033	21
o0903765	22
o0900035	23
o0900038	24
o0900025	25
o0900027	26
o0900040	27
o0900014	28
o0900016	29
o0900023	30
o0900031	31
o0900041	32
o0900043	33
o0903769	34
o0900046	35
o0900047	36
o0900049	37
o0903688	38
o0900050	39
o0900053	40
o0900054	41
o0900055	42
o0900056	43
o0900057	44
o0900058	45
o0900059	46
o0900060	47
o0900062	48
o0900063	49
o0900064	50
o0900066	51
o0900067	52
o0900068	53
o0900069	54
o0900070	55
o0900071	56
o0900072	57
o0900074	58
o0900075	59
o0900077	60
o0900081	61
o0900079	62
o0900082	63
o0900085	64
o0900087	65
o0900086	66
o0900088	67
o0900089	68
o0900093	69
o0900094	70
o0900095	71
o0900096	72
o0900097	73
o0900098	74
o0900100	75
o0900104	76
o0900101	77
o0900102	78
o0900106	79
o0900108	80
o0900109	81
o0900110	82
o0900111	83
o0900112	84
o0900113	85
o0900114	86
o0900115	87
o0900116	88
o0900117	89
o0900119	90
o0900121	91
o0900122	92
o0900124	93
o0900126	94
o0900128	95
o0900130	96
o0900131	97
o0900133	98
o0900136	99
o0900139	100
o0900141	101
o0900146	102
o0900142	103
o0900143	104
o0900144	105
o0900148	106
o0900149	107
o0900150	108
o0900151	109
o0900152	110
o0900153	111
o0900154	112
o0900156	113
o0903380	114
o0903380	115
o0900158	116
o0900160	117
o0900162	118
o0900163	119
o0900165	120
o0900166	121
o0900167	122
o0900169	123
o0900171	124
o0900173	125
o0903730	126
o0903650	127
o0900175	128
o0900179	129
o0900179	130
o0900199	131
o0900202	132
o0900204	133
o0900185	134
o0900187	135
o0901669	136
o0901669	137
o0900191	138
o0900193	139
o0900197	140
o0903771	141
o0900183	142
o0903398	143
o0900177	144
o0900181	145
o0900205	146
o0900206	147
o0900207	148
o0900209	149
o0900211	150
o0900212	151
o0900213	152
o0900214	153
o0900215	154
o0900217	155
o0900222	156
o0900218	157
o0900219	158
o0900220	159
o0900223	160
o0900224	161
o0900225	162
o0900226	163
o0900228	164
o0900233	165
o0900229	166
o0900230	167
o0900231	168
o0900235	169
o0900236	170
o0900237	171
o0900241	172
o0903731	173
o0900246	174
o0900239	175
o0900247	176
o0900243	177
o0900249	178
o0900250	179
o0900251	180
o0900252	181
o0900253	182
o0900254	183
o0900255	184
o0900256	185
o0900257	186
o0900258	187
o0900259	188
o0900260	189
o0900261	190
o0900262	191
o0903732	192
o0900264	193
o0900269	194
o0900273	195
o0900275	196
o0903668	197
o0900270	198
o0900271	199
o0900276	200
o0900277	201
o0900278	202
o0900279	203
o0900281	204
o0900282	205
o0900284	206
o0900290	207
o0900286	208
o0903690	209
o0903567	210
o0900287	211
o0903669	212
o0900288	213
o0900291	214
o0900293	215
o0900294	216
o0900296	217
o0900299	218
o0900301	219
o0900303	220
o0900305	221
o0900307	222
o0900309	223
o0900312	224
o0900313	225
o0900328	226
o0900318	227
o0900319	228
o0900320	229
o0900321	230
o0900322	231
o0900324	232
o0903746	233
o0900326	234
o0900325	235
o0900329	236
o0900331	237
o0900369	238
o0900375	239
o0900378	240
o0900388	241
o0900407	242
o0900447	243
o0900448	244
o0900460	245
o0900394	246
o0900334	247
o0900342	248
o0900343	249
o0900345	250
o0900347	251
o0900349	252
o0900351	253
o0900354	254
o0900356	255
o0900358	256
o0900359	257
o0900361	258
o0900363	259
o0900365	260
o0900367	261
o0900370	262
o0900376	263
o0900379	264
o0900381	265
o0900384	266
o0900382	267
o0900386	268
o0900389	269
o0900391	270
o0900408	271
o0900410	272
o0900412	273
o0900414	274
o0900416	275
o0900418	276
o0900420	277
o0900422	278
o0900423	279
o0900425	280
o0900427	281
o0900429	282
o0900431	283
o0900433	284
o0900437	285
o0900439	286
o0900441	287
o0900443	288
o0900445	289
o0900449	290
o0900450	291
o0903691	292
o0900454	293
o0900456	294
o0900458	295
o0900461	296
o0900464	297
o0900466	298
o0900468	299
o0900470	300
o0900472	301
o0900474	302
o0900395	303
o0900401	304
o0900403	305
o0900340	306
o0900373	307
o0900405	308
o0900405	309
o0900476	310
o0900397	311
o0900336	312
o0900479	313
o0900338	314
o0900478	315
o0900481	316
o0900483	317
o0900484	318
o0903733	319
o0900485	320
o0900487	321
o0900488	322
o0900489	323
o0900490	324
o0900491	325
o0900493	326
o0900498	327
o0900506	328
o0900503	329
o0900494	330
o0900499	331
o0900501	332
o0900504	333
o0900495	334
o0900496	335
o0900508	336
o0900510	337
o0900511	338
o0900513	339
o0900517	340
o0900528	341
o0900519	342
o0900523	343
o0900521	344
o0900525	345
o0900526	346
o0900529	347
o0900531	348
o0900532	349
o0900533	350
o0900534	351
o0900535	352
o0900537	353
o0900538	354
o0900539	355
o0900541	356
o0900542	357
o0900543	358
o0900544	359
o0900545	360
o0900546	361
o0900547	362
o0900548	363
o0900550	364
o0900557	365
o0900559	366
o0900561	367
o0900563	368
o0900565	369
o0900567	370
o0900573	371
o0900575	372
o0900577	373
o0900579	374
o0900581	375
o0900583	376
o0900585	377
o0900587	378
o0900589	379
o0900556	380
o0900552	381
o0903781	382
o0900570	383
o0900592	384
o0900554	385
o0900594	386
o0900595	387
o0900596	388
o0900597	389
o0900599	390
o0900607	391
o0900614	392
o0900604	393
o0900605	394
o0900610	395
o0900612	396
o0900616	397
o0900623	398
o0900628	399
o0900630	400
o0900631	401
o0900633	402
o0900634	403
o0900635	404
o0900637	405
o0900639	406
o0900641	407
o0900643	408
o0900648	409
o0900650	410
o0900652	411
o0900654	412
o0900657	413
o0900660	414
o0900662	415
o0900664	416
o0900675	417
o0900680	418
o0900682	419
o0900685	420
o0900687	421
o0900689	422
o0900691	423
o0900694	424
o0900696	425
o0900697	426
o0900699	427
o0900701	428
o0900705	429
o0900707	430
o0900709	431
-o0900710	432
o0900710	433
o0900710	434
o0900666	435
o0900668	436
o0900670	437
o0900617	438
o0900644	439
o0900677	440
o0900678	441
o0900692	442
o0900703	443
o0900646	444
o0900711	445
o0900671	446
o0900618	447
o0900712	448
o0900619	449
o0900620	450
o0900625	451
o0903692	452
o0900626	453
o0900655	454
o0900658	455
o0900683	456
o0900715	457
o0900717	458
o0900621	459
o0900719	460
o0900720	461
o0900721	462
o0900722	463
o0900724	464
o0900725	465
o0900727	466
o0900729	467
o0900730	468
o0900732	469
o0900733	470
o0900736	471
o0900738	472
o0900742	473
o0900747	474
o0900751	475
o0900755	476
o0900761	477
o0900765	478
o0900767	479
o0900773	480
o0900763	481
o0900757	482
o0900759	483
o0900775	484
o0900769	485
o0900771	486
o0900744	487
o0900749	488
o0900752	489
o0900778	490
o0900779	491
o0900781	492
o0900782	493
o0900783	494
o0900784	495
o0900786	496
o0900787	497
o0900788	498
o0900790	499
o0900791	500
o0900795	501
o0900792	502
o0900793	503
o0900797	504
o0903566	505
o0900805	506
o0900800	507
o0900801	508
o0900803	509
o0900806	510
o0900809	511
o0900812	512
o0900817	513
o0900819	514
o0900820	515
o0900821	516
o0900816	517
o0900822	518
o0900823	519
o0900824	520
o0900825	521
o0900810	522
o0900814	523
o0900815	524
o0900826	525
o0900827	526
o0900829	527
o0900832	528
o0900834	529
o0900830	530
o0900835	531
o0900836	532
o0900839	533
o0900840	534
o0900841	535
o0903694	536
o0900842	537
o0900843	538
o0900845	539
o0900853	540
o0900846	541
o0900851	542
o0900848	543
o0900849	544
o0900855	545
o0900856	546
o0900858	547
o0900864	548
o0900859	549
o0900860	550
o0900862	551
o0900866	552
o0900869	553
o0900870	554
o0900871	555
o0900867	556
o0900873	557
o0900874	558
o0900875	559
o0900877	560
o0900879	561
o0900880	562
o0900881	563
o0900883	564
o0900884	565
o0900876	566
o0900885	567
o0900887	568
o0900889	569
o0900892	570
o0900890	571
o0900893	572
o0900896	573
o0900897	574
o0900898	575
o0903734	576
o0900899	577
o0900902	578
o0900903	579
o0900905	580
o0900906	581
o0900907	582
o0900908	583
o0900911	584
o0903756	585
o0903756	586
o0903756	587
o0900914	588
o0903735	589
o0900912	590
o0900916	591
o0900917	592
o0900918	593
o0900919	594
o0903736	595
o0900920	596
o0900923	597
o0900925	598
o0900926	599
o0903670	600
o0903695	601
o0900927	602
o0900929	603
o0900934	604
o0900930	605
o0900931	606
o0900932	607
o0900935	608
o0900937	609
o0900938	610
o0900941	611
o0900944	612
o0900945	613
o0900946	614
o0900948	615
o0900952	616
o0903770	617
o0900950	618
o0900953	619
o0900954	620
o0900955	621
o0900956	622
o0900957	623
o0900958	624
o0900959	625
o0900960	626
o0900962	627
o0900966	628
o0900972	629
o0900974	630
o0900967	631
o0900968	632
o0900969	633
o0903408	634
o0900970	635
o0900971	636
o0900961	637
o0900976	638
o0900977	639
o0900978	640
o0900979	641
o0900981	642
o0900983	643
o0903767	644
o0903768	645
o0900987	646
o0900984	647
o0900985	648
o0900988	649
o0900991	650
o0900992	651
o0900993	652
o0900995	653
o0900997	654
o0900998	655
o0901000	656
o0901003	657
o0901001	658
o0901005	659
o0901007	660
o0901009	661
o0901014	662
o0901010	663
o0901011	664
o0901012	665
o0901016	666
o0901018	667
o0901020	668
o0903671	669
o0903696	670
o0901022	671
o0901028	672
o0901030	673
o0901036	674
o0901033	675
o0901038	676
o0901039	677
o0901040	678
o0901041	679
o0903785	680
o0901043	681
o0901044	682
o0901045	683
o0901047	684
o0901048	685
o0901049	686
o0901050	687
o0901052	688
o0901055	689
o0901053	690
o0901057	691
o0901058	692
o0901060	693
o0901062	694
o0901063	695
o0901064	696
o0901065	697
o0901066	698
o0901067	699
o0901068	700
o0901069	701
o0901070	702
o0901071	703
o0901073	704
o0901074	705
o0901075	706
o0901076	707
o0901078	708
o0901080	709
o0901086	710
o0901088	711
o0901082	712
o0901083	713
o0901084	714
o0901084	715
o0901084	716
o0901089	717
o0901090	718
o0901091	719
o0901093	720
o0901094	721
o0901095	722
o0901097	723
o0901098	724
o0901099	725
o0901100	726
o0901101	727
o0901102	728
o0901104	729
o0901105	730
o0901106	731
o0901107	732
o0901108	733
o0903748	734
o0901109	735
o0901111	736
o0901113	737
o0901114	738
o0901115	739
o0901116	740
o0901120	741
o0901117	742
o0901122	743
o0901123	744
o0901127	745
o0901128	746
o0903762	747
o0903762	748
o0901131	749
o0901132	750
o0901133	751
o0903697	752
o0901136	753
o0901140	754
o0901137	755
o0901138	756
o0901142	757
o0903749	758
o0903749	759
o0901143	760
o0901145	761
o0901149	762
o0901151	763
o0901153	764
o0901155	765
o0901146	766
o0901147	767
o0901156	768
o0901158	769
o0901164	770
o0901167	771
o0901159	772
o0901165	773
o0901160	774
o0901162	775
o0901169	776
o0901170	777
o0901172	778
o0901173	779
o0901174	780
o0901175	781
o0901176	782
o0901177	783
o0901179	784
o0901180	785
o0901181	786
o0901182	787
o0901184	788
o0901186	789
o0901191	790
o0901195	791
o0901197	792
o0901205	793
o0901207	794
o0901209	795
o0901213	796
o0901215	797
o0901217	798
o0901219	799
o0903699	800
o0901227	801
o0901229	802
o0901231	803
o0901234	804
o0901237	805
o0901239	806
o0901243	807
o0903672	808
o0903700	809
o0901245	810
o0903701	811
o0901248	812
o0903702	813
o0901250	814
o0901253	815
o0901255	816
o0903703	817
o0901258	818
o0903704	819
o0901223	820
o0901225	821
o0903698	822
o0901187	823
o0901189	824
o0901193	825
o0901199	826
o0901201	827
o0901203	828
o0901203	829
o0901211	830
o0901232	831
o0901235	832
o0901241	833
o0901246	834
o0901251	835
o0901256	836
o0901221	837
o0901260	838
o0901262	839
o0901267	840
o0901263	841
o0901264	842
o0901265	843
o0901268	844
o0901295	845
o0901296	846
o0901297	847
o0901298	848
o0901299	849
o0901300	850
o0901270	851
o0901273	852
o0901275	853
o0901277	854
o0901271	855
o0901279	856
o0901280	857
o0901281	858
o0901283	859
o0901284	860
o0901290	861
o0901292	862
o0901294	863
o0901287	864
o0901301	865
o0901303	866
o0901304	867
o0901308	868
o0901309	869
o0901310	870
o0901312	871
o0901313	872
o0901316	873
o0901318	874
o0901315	875
o0901319	876
o0901317	877
o0901320	878
o0901322	879
o0901323	880
o0901325	881
o0901328	882
o0901330	883
o0901332	884
o0901335	885
o0901338	886
o0901343	887
o0901345	888
o0901347	889
o0901349	890
o0901351	891
o0901353	892
o0901355	893
o0901357	894
o0901359	895
o0901326	896
o0901333	897
o0901336	898
o0901339	899
o0901341	900
o0901361	901
o0901373	902
o0901373	903
o0901375	904
o0901363	905
o0901365	906
o0901367	907
o0901369	908
o0901371	909
o0903758	910
o0901376	911
o0901377	912
o0901378	913
o0901380	914
o0901381	915
o0901382	916
o0901384	917
o0903750	918
o0901386	919
o0901387	920
o0901390	921
o0901391	922
o0901392	923
o0901393	924
o0901396	925
o0901401	926
o0901403	927
o0903737	928
o0901397	929
o0901398	930
o0901399	931
o0901404	932
o0901407	933
o0903738	934
o0901408	935
o0903705	936
o0901409	937
o0901410	938
o0901411	939
o0901413	940
o0901414	941
o0901415	942
o0901416	943
o0901417	944
o0901419	945
o0901424	946
o0901422	947
o0901426	948
o0901429	949
o0901427	950
o0901434	951
o0901435	952
o0902870	953
o0903281	954
o0903283	955
o0903287	956
o0901437	957
o0901438	958
o0901439	959
o0901440	960
o0901442	961
o0901444	962
o0901445	963
o0901446	964
o0901448	965
o0901452	966
o0901455	967
o0901453	968
o0901457	969
o0901461	970
o0901464	971
o0901465	972
o0901466	973
o0901467	974
o0901468	975
o0901469	976
o0903775	977
o0901470	978
o0901471	979
o0901472	980
o0901475	981
o0903673	982
o0901477	983
o0901479	984
o0901480	985
o0901481	986
o0903674	987
o0901483	988
o0903675	989
o0901486	990
o0901487	991
o0903786	992
o0901488	993
o0901491	994
o0901493	995
o0903706	996
o0901495	997
o0901496	998
o0901499	999
o0901501	1000
o0901504	1001
o0901506	1002
o0901512	1003
o0901502	1004
o0901510	1005
o0901508	1006
o0903707	1007
o0903277	1008
o0901513	1009
o0901514	1010
o0901516	1011
o0901517	1012
o0901518	1013
o0901519	1014
o0901520	1015
o0901521	1016
o0901524	1017
o0901525	1018
o0901527	1019
o0901528	1020
o0901535	1021
o0901537	1022
o0901538	1023
o0901540	1024
o0901542	1025
o0901543	1026
o0901544	1027
o0901546	1028
o0901547	1029
o0901534	1030
o0901548	1031
o0901533	1032
o0901530	1033
o0901549	1034
o0901553	1035
o0901555	1036
o0901556	1037
o0901562	1038
o0901564	1039
o0901566	1040
o0901567	1041
o0901568	1042
o0901570	1043
o0901571	1044
o0901572	1045
o0901574	1046
o0901575	1047
o0901576	1048
o0901557	1049
o0901558	1050
o0901559	1051
o0901551	1052
o0901560	1053
o0901577	1054
o0901578	1055
o0901580	1056
o0901583	1057
o0901581	1058
o0901584	1059
o0901585	1060
o0903739	1061
o0901586	1062
o0901587	1063
o0901588	1064
o0901589	1065
o0901590	1066
o0901592	1067
o0901603	1068
o0901606	1069
o0901607	1070
o0901608	1071
o0901611	1072
o0901593	1073
o0901601	1074
o0901609	1075
o0901594	1076
o0901598	1077
o0901613	1078
o0901614	1079
o0901623	1080
o0901615	1081
o0901616	1082
o0901617	1083
o0901618	1084
o0901625	1085
o0903779	1086
o0901628	1087
o0901634	1088
o0901636	1089
o0901637	1090
o0901639	1091
o0901640	1092
o0901642	1093
o0901642	1094
o0901645	1095
o0901646	1096
o0901647	1097
o0901648	1098
o0901655	1099
o0901653	1100
o0901651	1101
o0901649	1102
o0901656	1103
o0903676	1104
o0903708	1105
o0901657	1106
o0901659	1107
o0901662	1108
o0901664	1109
o0901660	1110
o0901665	1111
o0901666	1112
o0901668	1113
o0901669	1114
o0901670	1115
o0901672	1116
o0901674	1117
o0901675	1118
o0901677	1119
o0901693	1120
o0901681	1121
o0901689	1122
o0901691	1123
o0901684	1124
o0901686	1125
o0901687	1126
o0901688	1127
o0901694	1128
o0901695	1129
o0901682	1130
o0901696	1131
o0901697	1132
o0901699	1133
o0901701	1134
o0901702	1135
o0901703	1136
o0901705	1137
o0901706	1138
o0901707	1139
o0901707	1140
o0901704	1141
o0901709	1142
o0901712	1143
o0901714	1144
o0901715	1145
o0901716	1146
o0901716	1147
o0901718	1148
o0901723	1149
o0901719	1150
o0901720	1151
o0901721	1152
o0901724	1153
o0901737	1154
o0901728	1155
o0901729	1156
o0901731	1157
o0901733	1158
o0901734	1159
o0901736	1160
o0901732	1161
o0901739	1162
o0901740	1163
o0901741	1164
o0901742	1165
o0901744	1166
o0901746	1167
o0901747	1168
o0901749	1169
o0901751	1170
o0901752	1171
o0903677	1172
o0903709	1173
o0901753	1174
o0901756	1175
o0901757	1176
o0901767	1177
o0901769	1178
o0901758	1179
o0901759	1180
o0901760	1181
o0901761	1182
o0901763	1183
o0901764	1184
o0901765	1185
o0901770	1186
o0901771	1187
o0901773	1188
o0901775	1189
o0901781	1190
o0901783	1191
o0901786	1192
o0901787	1193
o0901790	1194
o0901792	1195
o0901794	1196
o0901795	1197
o0901796	1198
o0901800	1199
o0901802	1200
o0901804	1201
o0901806	1202
o0901808	1203
o0901809	1204
o0901810	1205
o0901812	1206
o0901814	1207
o0901816	1208
o0901818	1209
o0901820	1210
o0901826	1211
o0901829	1212
o0901834	1213
o0901836	1214
o0901838	1215
o0901839	1216
o0901841	1217
o0901843	1218
o0901845	1219
o0901848	1220
o0901850	1221
o0901852	1222
o0901854	1223
o0901856	1224
o0901822	1225
o0901824	1226
o0901776	1227
o0901788	1228
o0901798	1229
o0901827	1230
o0901830	1231
o0901831	1232
o0901777	1233
o0901846	1234
o0901858	1235
o0901832	1236
o0901860	1237
o0901861	1238
o0901862	1239
o0901863	1240
o0901864	1241
o0901865	1242
o0901866	1243
o0901868	1244
o0903710	1245
o0901870	1246
o0901875	1247
o0901872	1248
o0901873	1249
o0901876	1250
o0901878	1251
o0901879	1252
o0901880	1253
o0901881	1254
o0903782	1255
o0903783	1256
o0901882	1257
o0901885	1258
o0901882	1259
o0901882	1260
o0901883	1261
o0901884	1262
o0901885	1263
o0901887	1264
o0903711	1265
o0901888	1266
o0901890	1267
o0901891	1268
o0901892	1269
o0901893	1270
o0901895	1271
o0903772	1272
o0901896	1273
o0901898	1274
o0901899	1275
o0901900	1276
o0901902	1277
o0903678	1278
o0903712	1279
o0901906	1280
o0901904	1281
o0901907	1282
o0901908	1283
o0901909	1284
o0901910	1285
o0901914	1286
o0901915	1287
o0903780	1288
o0901916	1289
o0901918	1290
o0903679	1291
o0901919	1292
o0903680	1293
o0901924	1294
o0901920	1295
o0901921	1296
o0901922	1297
o0901926	1298
o0903681	1299
o0903713	1300
o0901928	1301
o0901930	1302
o0901932	1303
o0901934	1304
o0901935	1305
o0901936	1306
o0901938	1307
o0901939	1308
o0901940	1309
o0903714	1310
o0901941	1311
o0903715	1312
o0901943	1313
o0901944	1314
o0901946	1315
o0901951	1316
o0901951	1317
o0901953	1318
o0903716	1319
o0901955	1320
o0901957	1321
o0901959	1322
o0901961	1323
o0903781	1324
o0901950	1325
o0901950	1326
o0901947	1327
o0901948	1328
o0903791	1329
o0901962	1330
o0901964	1331
o0903752	1332
o0901966	1333
o0903717	1334
o0901967	1335
o0901969	1336
o0901971	1337
o0901973	1338
o0903718	1339
o0901981	1340
o0901974	1341
o0901979	1342
o0901977	1343
o0901983	1344
o0901984	1345
o0901986	1346
o0901988	1347
o0901990	1348
o0901991	1349
o0901993	1350
o0901996	1351
o0901998	1352
o0902000	1353
o0902004	1354
o0902014	1355
o0902020	1356
o0902022	1357
o0902024	1358
o0902016	1359
o0902005	1360
o0902006	1361
o0902027	1362
o0902007	1363
o0902008	1364
o0902012	1365
o0902009	1366
o0902018	1367
o0902010	1368
o0903420	1369
o0902030	1370
o0902032	1371
o0902026	1372
o0902033	1373
o0902034	1374
o0902035	1375
o0902036	1376
o0902037	1377
o0902038	1378
o0902041	1379
o0902046	1380
o0902054	1381
o0902057	1382
o0902057	1383
o0902058	1384
o0903719	1385
o0902048	1386
o0902050	1387
o0902056	1388
o0903776	1389
o0902043	1390
o0902044	1391
o0902049	1392
o0902051	1393
o0902052	1394
o0903720	1395
o0903794	1396
o0902059	1397
o0902060	1398
o0903793	1399
o0902061	1400
o0902066	1401
o0902063	1402
o0902064	1403
o0902065	1404
o0902068	1405
o0902070	1406
o0902072	1407
o0902074	1408
o0902075	1409
o0902076	1410
o0902077	1411
o0902081	1412
o0902078	1413
o0902079	1414
o0902083	1415
o0902092	1416
o0902084	1417
o0902085	1418
o0902086	1419
o0902087	1420
o0903721	1421
o0902088	1422
o0902089	1423
o0902094	1424
o0902098	1425
o0902096	1426
o0902100	1427
o0902101	1428
o0902102	1429
o0902103	1430
o0902105	1431
o0902106	1432
o0902107	1433
o0902108	1434
o0902109	1435
o0902111	1436
o0902112	1437
o0902114	1438
o0902116	1439
o0902121	1440
o0903682	1441
o0903722	1442
o0902123	1443
o0902117	1444
o0902118	1445
o0902119	1446
o0902128	1447
o0902133	1448
o0902129	1449
o0902130	1450
o0903740	1451
o0902131	1452
o0902134	1453
o0902136	1454
o0902137	1455
o0902138	1456
o0902139	1457
o0902143	1458
o0902144	1459
o0903741	1460
o0902146	1461
o0902150	1462
o0902154	1463
o0902147	1464
o0902152	1465
o0902148	1466
o0902156	1467
o0902157	1468
o0902160	1469
o0902161	1470
o0902177	1471
o0902163	1472
o0902164	1473
o0902165	1474
o0902166	1475
o0902167	1476
o0902168	1477
o0902169	1478
o0902170	1479
o0902171	1480
o0902218	1481
o0902172	1482
o0902173	1483
o0902174	1484
o0902175	1485
o0902176	1486
.o0902219	1487
o0902219	1488
o0902216	1489
o0902217	1490
o0902178	1491
o0902179	1492
o0902180	1493
o0902182	1494
o0902185	1495
o0902183	1496
o0902184	1497
o0902186	1498
o0902187	1499
o0902188	1500
o0902189	1501
o0902190	1502
o0902191	1503
o0902192	1504
o0902193	1505
o0902194	1506
o0902195	1507
o0902181	1508
o0902196	1509
o0902197	1510
o0902198	1511
o0903666	1512
o0903666	1513
o0902199	1514
o0902199	1515
o0902200	1516
o0902201	1517
o0902202	1518
o0902203	1519
o0902204	1520
o0902205	1521
o0902206	1522
o0902207	1523
o0902208	1524
o0902209	1525
o0902210	1526
o0902211	1527
o0902212	1528
o0902213	1529
o0902214	1530
o0902215	1531
o0902226	1532
o0902220	1533
o0902225	1534
o0902227	1535
o0902229	1536
o0902230	1537
o0902232	1538
o0902234	1539
o0902241	1540
o0902237	1541
o0902238	1542
o0902243	1543
o0902247	1544
o0902248	1545
o0902244	1546
o0902245	1547
o0902250	1548
o0902251	1549
o0902252	1550
o0902253	1551
o0902254	1552
o0902256	1553
o0902259	1554
o0902257	1555
o0902261	1556
o0902263	1557
o0902268	1558
o0902270	1559
o0902272	1560
o0902274	1561
o0902282	1562
o0902284	1563
o0902276	1564
o0902278	1565
o0902280	1566
o0903723	1567
o0902265	1568
o0902266	1569
o0902286	1570
o0902287	1571
o0902288	1572
o0902289	1573
o0902290	1574
o0902293	1575
o0902298	1576
o0902300	1577
o0902295	1578
o0902296	1579
o0902302	1580
o0902306	1581
o0902308	1582
o0902303	1583
o0902304	1584
o0902309	1585
o0902311	1586
o0902310	1587
o0902313	1588
o0902315	1589
o0902316	1590
o0902317	1591
o0902321	1592
o0902318	1593
o0902319	1594
o0902323	1595
o0902324	1596
o0902325	1597
o0902327	1598
o0902328	1599
o0902329	1600
o0902330	1601
o0902332	1602
o0902336	1603
o0902334	1604
o0902337	1605
o0902339	1606
o0902345	1607
o0902347	1608
o0902349	1609
o0902351	1610
o0902355	1611
o0902365	1612
o0902367	1613
o0902369	1614
o0902357	1615
o0902359	1616
o0902361	1617
o0902371	1618
o0902340	1619
o0902363	1620
o0902353	1621
o0902341	1622
o0902342	1623
o0902343	1624
o0902373	1625
o0902376	1626
o0902377	1627
o0902379	1628
o0902380	1629
o0902381	1630
o0902382	1631
o0902384	1632
o0902392	1633
o0903766	1634
o0902385	1635
o0902388	1636
o0902390	1637
o0902393	1638
o0902394	1639
o0902396	1640
o0902397	1641
o0902398	1642
o0902400	1643
o0902404	1644
o0902401	1645
o0902406	1646
o0902407	1647
o0902408	1648
o0902409	1649
o0902411	1650
o0903753	1651
o0902412	1652
o0902414	1653
o0903564	1654
o0902416	1655
o0902418	1656
o0902419	1657
o0902420	1658
o0902422	1659
o0902424	1660
o0902425	1661
o0902427	1662
o0902428	1663
o0902429	1664
o0902430	1665
o0902829	1666
o0902831	1667
o0902832	1668
o0903777	1669
o0902836	1670
o0902838	1671
o0903729	1672
o0902839	1673
o0902431	1674
o0902433	1675
o0902434	1676
o0902435	1677
o0902436	1678
o0902437	1679
o0902438	1680
o0902442	1681
o0902443	1682
o0902444	1683
o0902445	1684
o0902448	1685
o0902449	1686
o0902450	1687
o0902451	1688
o0902453	1689
o0902455	1690
o0902456	1691
o0902458	1692
o0902459	1693
o0902461	1694
o0902463	1695
o0902464	1696
o0902466	1697
o0902467	1698
o0902468	1699
o0902469	1700
o0902470	1701
o0902472	1702
o0902473	1703
o0902474	1704
o0902475	1705
o0902476	1706
o0902477	1707
o0902479	1708
o0902482	1709
o0902480	1710
o0902483	1711
o0902484	1712
o0902486	1713
o0902487	1714
o0902489	1715
o0902490	1716
o0902493	1717
o0902495	1718
o0902496	1719
o0902497	1720
o0902499	1721
o0902502	1722
o0902504	1723
o0902501	1724
o0902505	1725
o0902506	1726
o0902507	1727
o0902508	1728
o0902509	1729
o0902510	1730
o0902511	1731
o0902515	1732
o0902518	1733
o0902519	1734
o0902520	1735
o0902521	1736
o0902522	1737
o0902523	1738
o0902524	1739
o0902525	1740
o0902526	1741
o0902528	1742
o0902529	1743
o0902531	1744
o0902532	1745
o0902534	1746
o0902535	1747
o0902537	1748
o0902538	1749
o0902539	1750
o0902540	1751
o0902542	1752
o0902543	1753
o0902544	1754
o0902546	1755
o0902547	1756
o0902548	1757
o0902549	1758
o0902551	1759
o0902552	1760
o0902553	1761
o0902554	1762
o0902555	1763
o0902557	1764
o0902558	1765
o0902559	1766
o0902560	1767
o0902562	1768
o0902563	1769
o0902564	1770
o0902565	1771
o0902566	1772
o0902567	1773
o0902568	1774
o0902571	1775
o0903763	1776
o0903763	1777
o0902573	1778
o0902574	1779
o0902575	1780
o0902577	1781
o0902580	1782
o0902578	1783
o0902581	1784
o0902582	1785
o0902584	1786
o0903742	1787
o0902588	1788
o0902589	1789
o0902591	1790
o0902592	1791
o0902593	1792
o0902594	1793
o0902595	1794
o0902596	1795
o0902597	1796
o0902598	1797
o0902599	1798
o0902601	1799
o0902602	1800
o0902603	1801
o0902604	1802
o0902605	1803
o0903683	1804
o0902607	1805
o0902610	1806
o0902611	1807
o0902612	1808
o0902613	1809
o0902614	1810
o0902616	1811
o0902617	1812
o0902618	1813
o0902619	1814
o0902620	1815
o0902621	1816
o0902622	1817
o0902623	1818
o0902624	1819
o0902625	1820
o0902626	1821
o0902629	1822
o0903754	1823
o0902630	1824
o0902631	1825
o0902632	1826
o0902633	1827
o0902634	1828
o0902636	1829
o0902637	1830
o0903743	1831
o0902638	1832
o0902639	1833
o0902641	1834
o0902642	1835
o0903755	1836
o0902645	1837
o0902647	1838
o0902648	1839
o0902649	1840
o0902653	1841
o0902655	1842
o0902657	1843
o0903693	1844
o0902658	1845
o0903724	1846
o0902661	1847
o0902663	1848
o0902665	1849
o0903725	1850
o0902667	1851
o0902669	1852
o0903726	1853
o0902670	1854
o0902673	1855
o0902675	1856
o0902677	1857
o0902679	1858
o0902682	1859
o0902664	1860
o0902683	1861
o0902671	1862
o0902680	1863
o0902685	1864
o0902687	1865
o0902690	1866
o0902691	1867
o0902692	1868
o0903684	1869
o0903744	1870
o0903727	1871
o0902697	1872
o0903685	1873
o0902698	1874
o0903686	1875
o0903728	1876
o0903383	1877
o0903383	1878
o0902699	1879
o0902701	1880
o0902702	1881
o0902704	1882
o0902705	1883
o0902706	1884
o0902708	1885
o0903774	1886
o0902710	1887
o0902711	1888
o0902714	1889
o0902717	1890
o0902715	1891
o0902718	1892
o0902719	1893
o0902720	1894
o0902722	1895
o0902729	1896
o0902725	1897
o0902727	1898
o0902730	1899
o0902731	1900
o0902732	1901
o0902733	1902
o0902734	1903
o0902735	1904
o0902736	1905
o0902737	1906
o0902739	1907
o0902741	1908
o0903745	1909
o0902742	1910
o0902743	1911
o0902744	1912
o0903687	1913
o0902746	1914
o0902749	1915
o0902750	1916
o0902751	1917
o0902752	1918
o0902753	1919
o0902754	1920
o0902755	1921
o0902756	1922
o0902757	1923
o0902758	1924
o0902759	1925
o0902760	1926
o0902761	1927
o0902762	1928
o0902763	1929
o0902764	1930
o0902765	1931
o0902766	1932
o0902767	1933
o0902768	1934
o0902769	1935
o0902770	1936
o0902771	1937
o0902772	1938
o0902773	1939
o0902774	1940
o0902775	1941
o0902776	1942
o0902777	1943
o0902778	1944
o0902779	1945
o0902780	1946
o0902781	1947
o0902782	1948
o0902783	1949
o0902784	1950
o0902785	1951
o0902786	1952
o0902787	1953
o0902788	1954
o0902789	1955
o0902790	1956
o0902791	1957
o0902792	1958
o0902793	1959
o0902794	1960
o0902795	1961
o0902796	1962
o0902797	1963
o0902798	1964
o0902799	1965
o0902800	1966
o0902801	1967
o0902803	1968
o0902804	1969
o0902805	1970
o0902806	1971
o0902808	1972
o0902809	1973
o0902810	1974
o0902811	1975
o0902812	1976
o0902813	1977
o0902814	1978
o0902815	1979
o0902816	1980
o0902817	1981
o0902818	1982
o0902819	1983
o0903764	1984
o0903764	1985
o0902820	1986
o0902821	1987
o0902822	1988
o0902823	1989
o0902824	1990
o0902825	1991
o0902826	1992
o0902827	1993
o0902841	1994
o0902843	1995
o0902845	1996
o0903778	1997
o0902847	1998
o0902858	1999
o0902859	2000
o0902860	2001
o0902861	2002
o0902862	2003
o0902863	2004
o0902864	2005
o0902865	2006
o0902866	2007
o0902868	2008
o0902848	2009
o0902849	2010
o0902850	2011
o0902851	2012
o0902852	2013
o0902853	2014
o0902854	2015
o0902855	2016
o0902856	2017
o0902857	2018
o0902869	2019
o0902871	2020
o0902872	2021
o0902873	2022
o0902874	2023
o0902875	2024
o0902876	2025
o0902877	2026
o0902878	2027
o0902879	2028
o0902880	2029
o0902881	2030
o0902882	2031
o0902883	2032
o0902884	2033
o0902885	2034
o0902886	2035
o0902887	2036
o0902888	2037
o0902889	2038
o0902890	2039
o0902891	2040
o0902892	2041
o0902893	2042
o0902894	2043
o0902895	2044
o0902896	2045
o0902897	2046
o0902898	2047
o0902899	2048
o0903321	2049
o0903322	2050
o0903323	2051
o0903324	2052
o0903325	2053
o0903326	2054
o0903327	2055
o0903328	2056
o0902901	2057
o0902904	2058
o0902907	2059
o0902902	2060
o0902905	2061
o0902908	2062
o0902909	2063
o0902912	2064
o0902914	2065
o0902916	2066
o0902919	2067
o0902920	2068
o0902921	2069
o0902922	2070
o0902923	2071
o0902910	2072
o0902913	2073
o0902915	2074
o0902917	2075
o0902918	2076
o0902911	2077
o0902924	2078
o0902925	2079
o0902926	2080
o0902927	2081
o0902928	2082
o0902929	2083
o0902930	2084
o0902932	2085
o0902933	2086
o0902935	2087
o0902937	2088
o0902938	2089
o0902939	2090
o0902940	2091
o0902941	2092
o0902942	2093
o0902943	2094
o0902944	2095
o0902945	2096
o0902946	2097
o0902947	2098
o0902948	2099
o0902949	2100
o0902950	2101
o0902951	2102
o0902952	2103
o0902953	2104
o0902954	2105
o0902955	2106
o0902956	2107
o0902957	2108
o0902958	2109
o0902959	2110
o0902960	2111
o0902961	2112
o0902962	2113
o0902963	2114
o0902964	2115
o0902965	2116
o0902966	2117
o0902967	2118
o0902968	2119
o0902969	2120
o0902971	2121
o0902972	2122
o0902973	2123
o0902974	2124
o0902975	2125
o0902976	2126
o0902977	2127
o0902978	2128
o0902979	2129
o0902980	2130
o0902982	2131
o0902983	2132
o0902984	2133
o0902985	2134
o0902986	2135
o0902987	2136
o0902988	2137
o0902989	2138
o0902990	2139
o0902991	2140
o0902992	2141
o0902993	2142
o0902994	2143
o0902995	2144
o0902996	2145
o0902997	2146
o0902998	2147
o0902999	2148
o0903329	2149
o0903000	2150
o0903001	2151
o0903002	2152
o0903003	2153
o0903004	2154
o0903005	2155
o0903006	2156
o0903007	2157
o0903008	2158
o0903009	2159
o0903007	2160
o0903010	2161
o0903011	2162
o0903012	2163
o0903013	2164
o0903014	2165
o0903016	2166
o0903019	2167
o0903020	2168
o0903021	2169
o0903015	2170
o0903017	2171
o0903018	2172
o0903022	2173
o0903023	2174
o0903025	2175
o0903026	2176
o0903028	2177
o0903029	2178
o0903030	2179
o0903038	2180
o0903035	2181
o0903033	2182
o0903037	2183
o0903040	2184
o0903043	2185
o0903041	2186
o0903034	2187
o0903047	2188
o0903051	2189
o0903342	2190
o0903047	2191
o0903053	2192
o0903662	2193
o0903662	2194
o0903054	2195
o0903343	2196
o0903309	2197
o0903310	2198
o0903056	2199
o0903057	2200
o0903058	2201
o0903059	2202
o0903060	2203
o0903061	2204
o0903062	2205
o0903063	2206
o0903064	2207
o0903065	2208
o0903066	2209
o0903067	2210
o0903068	2211
o0903070	2212
o0903071	2213
o0903072	2214
o0903073	2215
o0903074	2216
o0903075	2217
o0903076	2218
o0903077	2219
o0903078	2220
o0903069	2221
o0903079	2222
o0903080	2223
o0903319	2224
o0903320	2225
o0903081	2226
o0903082	2227
o0903083	2228
o0903084	2229
o0903085	2230
o0903086	2231
o0903087	2232
o0903088	2233
o0903089	2234
o0903090	2235
o0903091	2236
o0903092	2237
o0903093	2238
o0903094	2239
o0903097	2240
o0903100	2241
o0903104	2242
o0903107	2243
o0903098	2244
o0903101	2245
o0903105	2246
o0903108	2247
o0903111	2248
o0903112	2249
o0903113	2250
o0903114	2251
o0903115	2252
o0903116	2253
o0903117	2254
o0903118	2255
o0903120	2256
o0903123	2257
o0903126	2258
o0903129	2259
o0903121	2260
o0903124	2261
o0903127	2262
o0903130	2263
o0903131	2264
o0903132	2265
o0903133	2266
o0903134	2267
o0903137	2268
o0903138	2269
o0903139	2270
o0903140	2271
o0903141	2272
o0903142	2273
o0903306	2274
o0903143	2275
o0903144	2276
o0903145	2277
o0903146	2278
o0903147	2279
o0903148	2280
o0903149	2281
o0903150	2282
o0903151	2283
o0903152	2284
o0903135	2285
o0903153	2286
o0903154	2287
o0903155	2288
o0903156	2289
o0903157	2290
o0903158	2291
o0903159	2292
o0903160	2293
o0903161	2294
o0903162	2295
o0903163	2296
o0903164	2297
o0903165	2298
o0903166	2299
o0903167	2300
o0903168	2301
o0903169	2302
o0903170	2303
o0903171	2304
o0903172	2305
o0903173	2306
o0903174	2307
o0903175	2308
o0903176	2309
o0903177	2310
o0903178	2311
o0903188	2312
o0903189	2313
o0903190	2314
o0903191	2315
o0903192	2316
o0903193	2317
o0903194	2318
o0903195	2319
o0903307	2320
o0903179	2321
o0903180	2322
o0903181	2323
o0903182	2324
o0903183	2325
o0903184	2326
o0903185	2327
o0903186	2328
o0903187	2329
o0903196	2330
o0903197	2331
o0903198	2332
o0903199	2333
o0903200	2334
o0903330	2335
o0903331	2336
o0903332	2337
o0903333	2338
o0903201	2339
o0903202	2340
o0903203	2341
o0903204	2342
o0903205	2343
o0903206	2344
o0903207	2345
o0903208	2346
o0903209	2347
o0903210	2348
o0903222	2349
o0903234	2350
o0903257	2351
o0903264	2352
o0903268	2353
o0903273	2354
o0903792	2355
o0903275	2356
o0903278	2357
o0903279	2358
o0903280	2359
o0903284	2360
o0903285	2361
o0903288	2362
o0903289	2363
o0903290	2364
o0903291	2365
o0903292	2366
o0903293	2367
o0903294	2368
o0903295	2369
o0903296	2370
o0903297	2371
o0903298	2372
o0903299	2373
o0903300	2374
o0903301	2375
o0903302	2376
o0903303	2377
o0903304	2378
o0903211	2379
o0903223	2380
o0903235	2381
o0903258	2382
o0903236	2383
o0903238	2384
o0903239	2385
o0903225	2386
o0903212	2387
o0903214	2388
o0903214	2389
o0903241	2390
o0903242	2391
o0902413	2392
o0903243	2393
o0903259	2394
o0903265	2395
o0903270	2396
o0903274	2397
o0903261	2398
o0903267	2399
o0903272	2400
o0903227	2401
o0901430	2402
o0901431	2403
o0901432	2404
o0903245	2405
o0903246	2406
o0903248	2407
o0903250	2408
o0903251	2409
o0901748	2410
o0903230	2411
o0903219	2412
o0903220	2413
o0903231	2414
o0903252	2415
o0903254	2416
o0903233	2417
o0903256	2418
